###############################################################################EX-1#########################################################################33

MariaDB [lab_2]> SELECT * FROM EMPFR
    -> ;
+---------+-----------+------------+-----------+------------+---------------+---------------+-----------+-----------+
| EMP_NUM | EMP_TITLE | EMP_LNAME  | EMP_FNAME | EMP_DOB    | EMP_HIRE_DATE | EMP_AREA_CODE | EMP_PHONE | PARK_CODE |
+---------+-----------+------------+-----------+------------+---------------+---------------+-----------+-----------+
|     100 | Ms        | Calderdale | Emma      | 1972-06-15 | 1992-03-15    | 0181          | 324-9134  | FR1001    |
|     102 | Mr        | Arshad     | Arif      | 1969-11-14 | 1990-12-20    | 7253          | 675-8993  | FR1001    |
|     105 | Ms        | Namowa     | Mirrelle  | 1990-03-14 | 2006-11-08    | 0181          | 890-3243  | FR1001    |
+---------+-----------+------------+-----------+------------+---------------+---------------+-----------+-----------+
3 rows in set (0.001 sec)


----------AFTER CHANGE-------------------------------------------------------------------------------------------------------


MariaDB [lab_2]> UPDATE EMPFR 
    -> SET EMP_PHONE = '324-9652'
    -> WHERE EMP_NUM=100;
Query OK, 1 row affected (0.013 sec)
Rows matched: 1  Changed: 1  Warnings: 0

MariaDB [lab_2]> SELECT * FROM EMPFR;
+---------+-----------+------------+-----------+------------+---------------+---------------+-----------+-----------+
| EMP_NUM | EMP_TITLE | EMP_LNAME  | EMP_FNAME | EMP_DOB    | EMP_HIRE_DATE | EMP_AREA_CODE | EMP_PHONE | PARK_CODE |
+---------+-----------+------------+-----------+------------+---------------+---------------+-----------+-----------+
|     100 | Ms        | Calderdale | Emma      | 1972-06-15 | 1992-03-15    | 0181          | 324-9652  | FR1001    |
|     102 | Mr        | Arshad     | Arif      | 1969-11-14 | 1990-12-20    | 7253          | 675-8993  | FR1001    |
|     105 | Ms        | Namowa     | Mirrelle  | 1990-03-14 | 2006-11-08    | 0181          | 890-3243  | FR1001    |
+---------+-----------+------------+-----------+------------+---------------+---------------+-----------+-----------+
3 rows in set (0.001 sec)

------------------------------------------------------------------------------------EX-2---------------------------------------------------------------------------

MariaDB [lab_2]> CREATE VIEW EMP_DETAILS AS 
    -> SELECT EMP_NUM,B.PARK_CODE,PARK_NAME,EMP_LNAME,EMP_FNAME,EMP_HIRE_DATE,EMP_DOB
    -> FROM EMPLOYEE A
    -> INNER JOIN THEMEPARK B
    -> ON A.PARK_CODE=B.PARK_CODE;
Query OK, 0 rows affected (0.022 sec)

####################################################DISPLAYING#######################################################3

MariaDB [lab_2]> SELECT * FROM EMP_DETAILS;
+---------+-----------+--------------+------------+-----------+---------------+------------+
| EMP_NUM | PARK_CODE | PARK_NAME    | EMP_LNAME  | EMP_FNAME | EMP_HIRE_DATE | EMP_DOB    |
+---------+-----------+--------------+------------+-----------+---------------+------------+
|     100 | FR1001    | FairyLand    | Calderdale | Emma      | 1992-03-15    | 1972-06-15 |
|     101 | UK3452    | PleasureLand | Ricardo    | Marshel   | 1996-04-25    | 1978-03-19 |
|     102 | FR1001    | FairyLand    | Arshad     | Arif      | 1990-12-20    | 1969-11-14 |
|     103 | UK3452    | PleasureLand | Roberts    | Anne      | 1994-08-16    | 1974-10-16 |
|     104 | ZA1342    | GoldTown     | Denver     | Enrica    | 2001-10-20    | 1980-11-08 |
|     105 | FR1001    | FairyLand    | Namowa     | Mirrelle  | 2006-11-08    | 1990-03-14 |
|     106 | ZA1342    | GoldTown     | Smith      | Gemma     | 1989-01-05    | 1968-02-12 |
+---------+-----------+--------------+------------+-----------+---------------+------------+
7 rows in set (0.002 sec)

-------------------------------------------------------------------------------EX-3------------------------------------------------------------------------------
MariaDB [lab_2]> SELECT EMP_FNAME,EMP_LNAME,PARK_NAME FROM EMP_DETAILS;
+-----------+------------+--------------+
| EMP_FNAME | EMP_LNAME  | PARK_NAME    |
+-----------+------------+--------------+
| Emma      | Calderdale | FairyLand    |
| Marshel   | Ricardo    | PleasureLand |
| Arif      | Arshad     | FairyLand    |
| Anne      | Roberts    | PleasureLand |
| Enrica    | Denver     | GoldTown     |
| Mirrelle  | Namowa     | FairyLand    |
| Gemma     | Smith      | GoldTown     |
+-----------+------------+--------------+
7 rows in set (0.001 sec)

-------------------------------------------------------------------------------EX-4-----------------------------------------------
MariaDB [lab_2]> CREATE VIEW TICKET_SALES AS SELECT a.PARK_NAME,MAX(LINE_PRICE),MIN(LINE_PRICE),AVG(LINE_PRICE) FROM THEMEPARK a  INNER JOIN SALES b ON a.PARK_CODE = b.PARK_CODE INNER JOIN SALES_LINE c ON b.TRANSACTION_NO = c.TRANSACTION_NO GROUP BY a.PARK_NAME;
Query OK, 0 rows affected (0.014 sec)

MariaDB [lab_2]> SELECT * FROM TICKET_SALES;
+--------------+-----------------+-----------------+-----------------+
| PARK_NAME    | MAX(LINE_PRICE) | MIN(LINE_PRICE) | AVG(LINE_PRICE) |
+--------------+-----------------+-----------------+-----------------+
| FairyLand    |          139.96 |           14.99 |       50.232500 |
| GoldTown     |          114.68 |           12.12 |       47.637778 |
| PleasureLand |          168.40 |           21.98 |       60.785714 |
+--------------+-----------------+-----------------+-----------------+
3 rows in set (0.002 sec)


-------------------------------------------------------------------------------EX-5-----------------------------------------------
MariaDB [lab_2]> SELECT DISTINCT(DATE_FORMAT(SALE_DATE,' %a-%e-%m-%y')) FROM SALES;
+-----------------------------------------+
| (DATE_FORMAT(SALE_DATE,' %a-%e-%m-%y')) |
+-----------------------------------------+
|  Fri-18-05-07                           |
+-----------------------------------------+
1 row in set (0.001 sec)

-------------------------------------------------------------------------------EX-6---------------------------------------------------------------------------
MariaDB [lab_2]> SELECT EMP_FNAME , EMP_LNAME,CONCAT((DATE_FORMAT(EMP_DOB,'%m')),'01',UPPER(SUBSTR(EMP_LNAME,1,6))) AS USER_ID FROM EMPLOYEE;
+-----------+------------+------------+
| EMP_FNAME | EMP_LNAME  | USER_ID    |
+-----------+------------+------------+
| Emma      | Calderdale | 0601CALDER |
| Marshel   | Ricardo    | 0301RICARD |
| Arif      | Arshad     | 1101ARSHAD |
| Anne      | Roberts    | 1001ROBERT |
| Enrica    | Denver     | 1101DENVER |
| Mirrelle  | Namowa     | 0301NAMOWA |
| Gemma     | Smith      | 0201SMITH  |
+-----------+------------+------------+
7 rows in set (0.001 sec)



-------------------------------------------------------------------------------EX-7-------------------------------------------------------------------------------
MariaDB [lab_2]> SELECT EMP_FNAME,EMP_LNAME,EMP_DOB FROM EMPLOYEE WHERE DAY(EMP_DOB)="14";
+-----------+-----------+------------+
| EMP_FNAME | EMP_LNAME | EMP_DOB    |
+-----------+-----------+------------+
| Arif      | Arshad    | 1969-11-14 |
| Mirrelle  | Namowa    | 1990-03-14 |
+-----------+-----------+------------+
2 rows in set (0.002 sec)
--------------------------------------------------------------------------EX-8---------------------------------------------------------------------------------
MariaDB [lab_2]> SELECT EMP_FNAME,EMP_LNAME,CONCAT(SUBSTR(EMP_PHONE,1,3),LOWER(SUBSTR(EMP_FNAME,1,2))) AS PASSWORD FROM EMPLOYEE;
+-----------+------------+----------+
| EMP_FNAME | EMP_LNAME  | PASSWORD |
+-----------+------------+----------+
| Emma      | Calderdale | 324em    |
| Marshel   | Ricardo    | 324ma    |
| Arif      | Arshad     | 675ar    |
| Anne      | Roberts    | 898an    |
| Enrica    | Denver     | 504en    |
| Mirrelle  | Namowa     | 890mi    |
| Gemma     | Smith      | 324ge    |
+-----------+------------+----------+
7 rows in set (0.001 sec)




